{
    "faces": [35,0,1,2,3,0,0,1,2,3,35,4,7,6,5,0,4,5,6,7,35,0,4,5,1,0,0,4,7,1,35,1,5,6,2,0,1,7,6,2,35,2,6,7,3,0,2,6,5,3,35,4,0,3,7,0,4,0,3,5],
    "materials": [{
        "colorSpecular": [0.5,0.5,0.5],
        "visible": true,
        "depthWrite": true,
        "blending": "NormalBlending",
        "wireframe": false,
        "depthTest": true,
        "opacity": 1,
        "shading": "phong",
        "colorAmbient": [0.64,0.64,0.64],
        "DbgColor": 15658734,
        "DbgIndex": 0,
        "colorDiffuse": [0.64,0.64,0.64],
        "colorEmissive": [0,0,0],
        "DbgName": "Material",
        "transparent": false,
        "specularCoef": 50
    }],
    "normals": [0.577349,-0.577349,-0.577349,0.577349,-0.577349,0.577349,-0.577349,-0.577349,0.577349,-0.577349,-0.577349,-0.577349,0.577349,0.577349,-0.577349,-0.577349,0.577349,-0.577349,-0.577349,0.577349,0.577349,0.577349,0.577349,0.577349],
    "vertices": [1,-1,-1,1,-1,1,-1,-1,1,-1,-1,-1,1,1,-1,0.999999,1,1,-1,1,1,-1,1,-1],
    "name": "CubeGeometry",
    "uvs": [],
    "metadata": {
        "faces": 6,
        "generator": "io_three",
        "vertices": 8,
        "uvs": 0,
        "materials": 1,
        "normals": 8,
        "version": 3,
        "type": "Geometry"
    }
}