{
    "faces": [34,0,5,1,0,0,1,2,34,4,8,5,0,3,4,1,34,0,4,5,0,0,3,1,34,1,6,2,0,2,5,6,34,5,10,6,0,1,7,5,34,1,5,6,0,2,1,5,34,2,7,3,0,6,8,9,34,6,11,7,0,5,10,8,34,2,6,7,0,6,5,8,34,4,7,9,0,3,8,11,34,0,3,7,0,0,9,8,34,4,0,7,0,3,0,8,35,0,1,2,3,0,0,2,6,9,34,6,5,12,0,5,1,12,34,7,6,12,0,8,5,12,34,7,12,4,0,8,12,3,34,5,4,12,0,1,3,12],
    "normals": [0.577349,-0.577349,-0.577349,0.693045,0.19834,0.693045,0.577349,-0.577349,0.577349,0.693045,0.19834,-0.693045,1,0,0,-0.693045,0.19834,0.693045,-0.577349,-0.577349,0.577349,0,0,1,-0.693045,0.19834,-0.693045,-0.577349,-0.577349,-0.577349,-1,0,0,0,0,-1,0,1,0],
    "materials": [{
        "wireframe": false,
        "DbgColor": 15658734,
        "transparent": false,
        "visible": true,
        "specularCoef": 50,
        "colorSpecular": [0.5,0.5,0.5],
        "depthTest": true,
        "colorEmissive": [0,0,0],
        "opacity": 1,
        "colorDiffuse": [0.64,0.64,0.64],
        "DbgName": "Material",
        "blending": "NormalBlending",
        "colorAmbient": [0.64,0.64,0.64],
        "shading": "phong",
        "DbgIndex": 0,
        "depthWrite": true
    }],
    "vertices": [1,-1,-1,1,-1,1,-1,-1,1,-1,-1,-1,1,1,-1,0.999999,1,1,-1,1,1,-1,1,-1,1,1,0,0,1,-1,-1e-06,1,1,-1,1,-0,-0,4.03106,0],
    "name": "CubeGeometry",
    "uvs": [],
    "metadata": {
        "faces": 17,
        "normals": 13,
        "materials": 1,
        "uvs": 0,
        "type": "Geometry",
        "vertices": 13,
        "version": 3,
        "generator": "io_three"
    }
}